<Ui xmlns="http://www.blizzard.com/wow/ui/" xmlns:xsi="http://www.w3.org/2001/XMLSchema-instance" xsi:schemaLocation="http://www.blizzard.com/wow/ui/ ..FrameXMLUI.xsd">
    <Script file="Guides/Import.lua"/>

    <Script file="Guides/Classic-Alliance-Mage-1-12.lua"/>
    <Script file="Guides/Classic-Alliance-Mage-12-21.lua"/>
	<Script file="Guides/Classic-Alliance-ADV-AoE-Mage-1-22.lua"/>
    <Script file="Guides/Classic-Alliance-1-10_NightElf.lua"/>
    <Script file="Guides/Classic-Alliance-1-13_Human.lua"/>
    <Script file="Guides/Classic-Alliance-1-14_DwarfGnome.lua"/>
    <Script file="Guides/Classic-Alliance-11-20.lua"/>
    <Script file="Guides/Classic-Horde-01-12_Durotar.lua"/>
    <Script file="Guides/Classic-Horde-01-14_Undead.lua"/>
    <Script file="Guides/Classic-Horde-1-12_Mulgore.lua"/>
    <Script file="Guides/Classic-Horde-12-22_Barrens.lua"/>
    <Script file="Guides/Classic-Horde-Mage-12-21.lua"/>
    <Script file="Guides/RestedXP Classic Alliance 30-60.lua"/>
	<Script file="Guides/RestedXP Classic Horde 30-60.lua"/>
	<Script file="Guides/RestedXP Classic Custom.lua"/>

	<Script file="Guides/SurvivalGuide/A-Classic-Alliance-1-10_NightElf.lua"/>
	<Script file="Guides/SurvivalGuide/A-Classic-Alliance-1-13_Human.lua"/>
	<Script file="Guides/SurvivalGuide/A-Classic-Alliance-1-14_DwarfGnome.lua"/>
	<Script file="Guides/SurvivalGuide/A-Classic-Alliance-11-16_NightElf.lua"/>
	<Script file="Guides/SurvivalGuide/A-Classic-Alliance-11-20.lua"/>
	<Script file="Guides/SurvivalGuide/H-Classic-Alliance-20-60.lua"/>
	<Script file="Guides/SurvivalGuide/H-Classic-Custom.lua"/>	
	<Script file="Guides/SurvivalGuide/A-Hardcore-18-19 Loch Modan.lua"/>
	<Script file="Guides/SurvivalGuide/A-Hardcore-19-20 Redridge.lua"/>

	<Script file="Guides/SurvivalGuide/H-Classic-Horde-01-13_Durotar.lua"/>
	<Script file="Guides/SurvivalGuide/H-Classic-Horde-01-13_Undead.lua"/>
	<Script file="Guides/SurvivalGuide/H-Classic-Horde-1-13_Mulgore.lua"/>
	<Script file="Guides/SurvivalGuide/H-Classic-Horde-13-15_Silverpine.lua"/>
	<Script file="Guides/SurvivalGuide/H-Classic-Horde-15-23_Barrens.lua"/>
	<Script file="Guides/SurvivalGuide/H-Classic-Horde-20-60.lua"/>
	
	<Script file="Guides/SoD/Neutral.lua"/>
	<Script file="Guides/SoD/Rogue.lua"/>
	<Script file="Guides/SoD/Warrior.lua"/>
	<Script file="Guides/SoD/Druid.lua"/>
	<Script file="Guides/SoD/Hunter.lua"/>
	<Script file="Guides/SoD/Mage.lua"/>
	<Script file="Guides/SoD/Paladin.lua"/>
	<Script file="Guides/SoD/Priest.lua"/>
	<Script file="Guides/SoD/Warlock.lua"/>
	<Script file="Guides/SoD/Alliance.lua"/>
	<Script file="Guides/SoD/Shaman.lua"/>
	<Script file="Guides/SoD/Horde.lua"/>
	<Script file="Guides/SoD/Custom.lua"/>
	
	<Script file="Guides\SoD\Alliance\1-10_Dun Morogh.lua"/>
	<Script file="Guides\SoD\Alliance\1-10_Elwynn.lua"/>
	<Script file="Guides\SoD\Alliance\1-13_Teldrassil.lua"/>
	<Script file="Guides\SoD\Alliance\10-16_Loch.lua"/>
	<Script file="Guides\SoD\Alliance\13-22_Darkshore.lua"/>
	<Script file="Guides\SoD\Alliance\16-22_Westfall-Redridge.lua"/>
	
	<Script file="Guides\Classic-Attunements.lua"/>
	<Script file="Guides\Classic-0.5.lua"/>

</Ui>
