<Ui xmlns="http://www.blizzard.com/wow/ui/" xmlns:xsi="http://www.w3.org/2001/XMLSchema-instance" xsi:schemaLocation="http://www.blizzard.com/wow/ui/ ..FrameXMLUI.xsd">

    <Script file="Guides/cata/A-01-10_azuremyst.lua"/>
    <Script file="Guides/cata/A-01-10_dunmorogh.lua"/>
    <Script file="Guides/cata/A-01-10_ElwynnForest.lua"/>
    <Script file="Guides/cata/A-01-10_Gilneas.lua"/>
    <Script file="Guides/cata/A-01-10_teldrassil.lua"/>
    <Script file="Guides/cata/A-01-18_darkshore.lua"/>
    <Script file="Guides/cata/A-10-18_lochmodan.lua"/>
    <Script file="Guides/cata/A-18-21_redridge.lua"/>
    <Script file="Guides/cata/A-20-25_duskwood.lua"/>
	<Script file="Guides/cata/A-Cataclysm-31-85.lua"/>	
    <Script file="Guides/cata/H-Cataclysm-01-10 Durotar.lua"/>
    <Script file="Guides/cata/H-Cataclysm-01-10 Eversong.lua"/>
    <Script file="Guides/cata/H-Cataclysm-01-10 Kezan.lua"/>
    <Script file="Guides/cata/H-Cataclysm-01-10 Mulgore.lua"/>
    <Script file="Guides/cata/H-Cataclysm-01-10 Tirisfal.lua"/>
    <Script file="Guides/cata/H-Cataclysm-10-20 Azshara.lua"/>
    <Script file="Guides/cata/H-Cataclysm-20-25 Ashenvale.lua"/>
    <Script file="Guides/cata/H-Cataclysm-31-85.lua"/>
    <Script file="Guides/cata/Cataclysm-Prep Guide.lua"/>

    <Script file="Guides/Deathknight.lua"/>

    <Script file="Guides/farmguides.lua"/>
    <Script file="Guides/Mining.lua"/>
    <Script file="Guides/Herbalism.lua"/>
    <Script file="Guides/Skinning.lua"/>

    <Script file="Guides/Import.lua"/>

	<Script file="Guides/Dailies/Icecrown Gunship Daily Quests.lua"/>
	<Script file="Guides/Dailies/Icecrown Gunship Pre Quests.lua"/>
	<Script file="Guides/Dailies/The Sons of Hodir Pre Quests.lua"/>
	<Script file="Guides/Dailies/The Sons of Hodir Daily Quests.lua"/>
	<Script file="Guides/Dailies/Ebon Blade Pre Quests.lua"/>
	<Script file="Guides/Dailies/Ebon Blade Daily Quests.lua"/>
	<Script file="Guides/Dailies/Kaluak Daily Quests.lua"/>
	<Script file="Guides/Dailies/Jewelcrafting Daily Quests.lua"/>
	<Script file="Guides/Dailies/Cooking Daily Quests.lua"/>
	<Script file="Guides/Dailies/Fishing Daily Quests.lua"/>
	<Script file="Guides/Dailies/Northrend Best GPH Daily Quests.lua"/>

    <Script file="Guides/Dailies/Argent Tournament Grounds.lua"/>

	<Script file="Guides/Dailies/Cataclysm/Tol Barad Daily Quests.lua"/>
	<Script file="Guides/Dailies/Cataclysm/Molten Front.lua"/>
</Ui>
