<Ui xmlns="http://www.blizzard.com/wow/ui/" xmlns:xsi="http://www.w3.org/2001/XMLSchema-instance" xsi:schemaLocation="http://www.blizzard.com/wow/ui/ ..FrameXMLUI.xsd">

    <Script file="Guides/RestedXP Alliance 1-11 NightElf.lua"/>
	<Script file="Guides/RestedXP Alliance 1-14 Human.lua"/>
	<Script file="Guides/RestedXP Alliance 1-14 Dwarf-Gnome.lua"/>
    <Script file="Guides/RestedXP Alliance 1-23 Draenei.lua"/>
	<Script file="Guides/RestedXP Alliance 11-23.lua"/>
    <Script file="Guides/RestedXP Alliance 23-30.lua"/>
	<Script file="Guides/RestedXP Alliance Boosted 58-60.lua"/>
	<Script file="Guides/RestedXP wrath Alliance.lua"/>

    <Script file="Guides/RestedXP Horde 1-6 Undead.lua"/>
	<Script file="Guides/RestedXP Horde 1-10 Tauren.lua"/>
	<Script file="Guides/RestedXP Horde 1-13 Troll-Orc.lua"/>
	<Script file="Guides/RestedXP Horde 1-20 BloodElf.lua"/>
	<Script file="Guides/RestedXP Horde 13-23 Barrens.lua"/>
	<Script file="Guides/RestedXP Horde 20-30.lua"/>
	<Script file="Guides/RestedXP Wrath Horde.lua"/>
	<Script file="Guides/RestedXP Horde Boosted 58-60.lua"/>

    <Script file="Guides/Deathknight.lua"/>
	<Script file="Guides/RestedXP wrath Custom.lua"/>
    <Script file="Guides/farmguides.lua"/>
    <Script file="Guides/Mining.lua"/>
    <Script file="Guides/Herbalism.lua"/>
    <Script file="Guides/Skinning.lua"/>

    <Script file="Guides/Import.lua"/>
	
	<Script file="Guides/Dailies/Icecrown Gunship Daily Quests.lua"/>	
	<Script file="Guides/Dailies/Icecrown Gunship Pre Quests.lua"/>	
	<Script file="Guides/Dailies/The Sons of Hodir Pre Quests.lua"/>
	<Script file="Guides/Dailies/The Sons of Hodir Daily Quests.lua"/>
	<Script file="Guides/Dailies/Ebon Blade Pre Quests.lua"/>	
	<Script file="Guides/Dailies/Ebon Blade Daily Quests.lua"/>	
	<Script file="Guides/Dailies/Kaluak Daily Quests.lua"/>
	<Script file="Guides/Dailies/Jewelcrafting Daily Quests.lua"/>
	<Script file="Guides/Dailies/Cooking Daily Quests.lua"/>	
	<Script file="Guides/Dailies/Fishing Daily Quests.lua"/>
	<Script file="Guides/Dailies/Northrend Best GPH Daily Quests.lua"/>
    
    <Script file="Guides/Dailies/Argent Tournament Grounds.lua"/>
</Ui>
