<Ui xmlns="http://www.blizzard.com/wow/ui/" xmlns:xsi="http://www.w3.org/2001/XMLSchema-instance" xsi:schemaLocation="http://www.blizzard.com/wow/ui/ ..FrameXMLUI.xsd">

    <Script file="DB/shared.lua"/>

    <Script file="DB/classic/flightData.lua"/>
    <Script file="DB/classic/quest.lua"/>
    <Script file="DB/classic/spells.lua"/>
    <Script file="DB/classic/spells-sod.lua"/>
    <Script file="DB/classic/rares.lua"/>
    <Script file="DB/classic/db.lua"/>
    <Script file="DB/classic/dangerousMobs.lua"/>
    <Script file="DB/classic/statWeights.lua"/>

    <Script file="DB/questDB.lua"/>

</Ui>
